0,わかばシューター,0,0,4,180,0_わかばシューター.png
1,もみじシューター,0,4,10,160,1_もみじシューター.png
2,おちばシューター,0,6,12,190,2_おちばシューター.png
3,スプラシューター,1,2,3,170,3_スプラシューター.png
4,スプラシューターコラボ,1,0,2,200,4_スプラシューターコラボ.png
5,スプラシューターベッチュー,1,1,0,180,5_スプラシューターベッチュー.png
6,プライムシューター,2,9,10,170,6_プライムシューター.png
7,プライムシューターコラボ,2,1,12,190,7_プライムシューターコラボ.png
8,プライムシューターベッチュー,2,0,13,210,8_プライムシューターベッチュー.png
9,.52ガロン,3,9,11,170,9_.52ガロン.png
10,.52ガロンデコ,3,3,1,190,10_.52ガロンデコ.png
11,.52ガロンベッチュー,3,10,13,190,11_.52ガロンベッチュー.png
12,.96ガロン,4,12,4,190,12_.96ガロン.png
13,.96ガロンデコ,4,10,3,170,13_.96ガロンデコ.png
14,ジェットスイーパー,5,8,0,180,14_ジェットスイーパー.png
15,ジェットスイーパーカスタム,5,2,1,190,15_ジェットスイーパーカスタム.png
16,ボールドマーカー,6,3,3,160,16_ボールドマーカー.png
17,ボールドマーカーネオ,6,11,0,170,17_ボールドマーカーネオ.png
18,ボールドマーカー7,6,0,14,180,18_ボールドマーカー7.png
19,シャープマーカー,7,8,2,170,19_シャープマーカー.png
20,シャープマーカーネオ,7,2,6,210,20_シャープマーカーネオ.png
21,N-ZAP85,8,1,4,200,21_N-ZAP85.png
22,N-ZAP89,8,4,0,180,22_N-ZAP89.png
23,N-ZAP83,8,12,10,170,23_N-ZAP83.png
24,プロモデラーMG,9,1,8,160,24_プロモデラーMG.png
25,プロモデラーRG,9,12,11,180,25_プロモデラーRG.png
26,プロモデラーPG,9,2,13,190,26_プロモデラーPG.png
27,ホットブラスター,10,8,3,170,27_ホットブラスター.png
28,ホットブラスターカスタム,10,4,2,190,28_ホットブラスターカスタム.png
29,ロングブラスター,11,1,10,200,29_ロングブラスター.png
30,ロングブラスターカスタム,11,3,12,170,30_ロングブラスターカスタム.png
31,ロングブラスターネクロ,11,2,0,190,31_ロングブラスターネクロ.png
32,ラピッドブラスター,12,7,5,200,32_ラピッドブラスター.png
33,ラピッドブラスターデコ,12,1,2,190,33_ラピッドブラスターデコ.png
34,ラピッドブラスターベッチュー,12,6,11,200,34_ラピッドブラスターベッチュー.png
35,Rブラスターエリート,13,8,10,180,35_Rブラスターエリート.png
36,Rブラスターエリートデコ,13,10,4,180,36_Rブラスターエリートデコ.png
37,ノヴァブラスター,14,0,11,170,37_ノヴァブラスター.png
38,ノヴァブラスターネオ,14,7,6,170,38_ノヴァブラスターネオ.png
39,ノヴァブラスターベッチュー,14,5,10,170,39_ノヴァブラスターベッチュー.png
40,クラッシュブラスター,15,0,1,180,40_クラッシュブラスター.png
41,クラッシュブラスターネオ,15,3,0,180,41_クラッシュブラスターネオ.png
42,L3リールガン,16,3,11,220,42_L3リールガン.png
43,L3リールガンD,16,2,2,200,43_L3リールガンD.png
44,L3リールガンベッチュー,16,10,14,180,44_L3リールガンベッチュー.png
45,H3リールガン,17,9,0,170,45_H3リールガン.png
46,H3リールガンD,17,1,4,220,46_H3リールガンD.png
47,H3リールガンチェリー,17,10,12,180,47_H3リールガンチェリー.png
48,ボトルガイザー,18,10,1,180,48_ボトルガイザー.png
49,ボトルガイザーフォイル,18,0,12,200,49_ボトルガイザーフォイル.png
50,スプラローラー,19,3,3,170,50_スプラローラー.png
51,スプラローラーコラボ,19,11,11,170,51_スプラローラーコラボ.png
52,スプラローラーベッチュー,19,0,12,180,52_スプラローラーベッチュー.png
53,カーボンローラー,20,4,10,160,53_カーボンローラー.png
54,カーボンローラーデコ,20,2,9,190,54_カーボンローラーデコ.png
55,ヴァリアブルローラー,21,10,5,180,55_ヴァリアブルローラー.png
56,ヴァリアブルローラーフォイル,21,1,0,180,56_ヴァリアブルローラーフォイル.png
57,ダイナモローラー,22,7,1,180,57_ダイナモローラー.png
58,ダイナモローラーテスラ,22,0,4,190,58_ダイナモローラーテスラ.png
59,ダイナモローラーベッチュー,22,12,13,180,59_ダイナモローラーベッチュー.png
60,パブロ,23,0,3,150,60_パブロ.png
61,パブロ・ヒュー,23,7,11,180,61_パブロ・ヒュー.png
62,パーマネント・パブロ,23,12,4,180,62_パーマネント・パブロ.png
63,ホクサイ,24,4,2,170,63_ホクサイ.png
64,ホクサイ・ヒュー,24,11,0,170,64_ホクサイ・ヒュー.png
65,ホクサイベッチュー,24,1,14,180,65_ホクサイベッチュー.png
66,スプラチャージャー,25,0,1,220,66_スプラチャージャー.png
67,スプラチャージャーコラボ,25,10,6,220,67_スプラチャージャーコラボ.png
68,スプラチャージャーベッチュー,25,12,11,190,68_スプラチャージャーベッチュー.png
69,スプラスコープ,26,0,1,220,69_スプラスコープ.png
70,スプラスコープコラボ,26,10,6,220,70_スプラスコープコラボ.png
71,スプラスコープベッチュー,26,12,11,190,71_スプラスコープベッチュー.png
72,リッター4K,27,7,10,190,72_リッター4K.png
73,リッター4Kカスタム,27,11,12,170,73_リッター4Kカスタム.png
74,4Kスコープ,28,7,10,190,74_4Kスコープ.png
75,4Kスコープカスタム,28,11,12,170,75_4Kスコープカスタム.png
76,ソイチューバー,29,1,3,160,76_ソイチューバー.png
77,ソイチューバーカスタム,29,3,2,170,77_ソイチューバーカスタム.png
78,スクイックリンα,30,9,4,170,78_スクイックリンα.png
79,スクイックリンβ,30,4,11,180,79_スクイックリンβ.png
80,スクイックリンγ,30,1,2,180,80_スクイックリンγ.png
81,14式竹筒銃・甲,31,3,0,200,81_14式竹筒銃・甲.png
82,14式竹筒銃・乙,31,8,7,160,82_14式竹筒銃・乙.png
83,14式竹筒銃・丙,31,5,12,190,83_14式竹筒銃・丙.png
84,バケットスロッシャー,32,1,0,190,84_バケットスロッシャー.png
85,バケットスロッシャーデコ,32,12,11,210,85_バケットスロッシャーデコ.png
86,バケットスロッシャーソーダ,32,0,7,210,86_バケットスロッシャーソーダ.png
87,ヒッセン,33,2,4,190,87_ヒッセン.png
88,ヒッセン・ヒュー,33,0,10,170,88_ヒッセン・ヒュー.png
89,スクリュースロッシャー,34,4,1,190,89_スクリュースロッシャー.png
90,スクリュースロッシャーネオ,34,9,5,180,90_スクリュースロッシャーネオ.png
91,スクリュースロッシャーベッチュー,34,5,3,190,91_スクリュースロッシャーベッチュー.png
92,オーバーフロッシャー,35,10,10,180,92_オーバーフロッシャー.png
93,オーバーフロッシャーデコ,35,12,6,190,93_オーバーフロッシャーデコ.png
94,エクスプロッシャー,36,12,12,210,94_エクスプロッシャー.png
95,エクスプロッシャーカスタム,36,9,11,220,95_エクスプロッシャーカスタム.png
96,バレルスピナー,37,12,1,200,96_バレルスピナー.png
97,バレルスピナーデコ,37,10,12,180,97_バレルスピナーデコ.png
98,バレルスピナーリミックス,37,9,13,190,98_バレルスピナーリミックス.png
99,スプラスピナー,38,2,0,210,99_スプラスピナー.png
100,スプラスピナーコラボ,38,3,10,180,100_スプラスピナーコラボ.png
101,スプラスピナーベッチュー,38,8,14,180,101_スプラスピナーベッチュー.png
102,ハイドラント,39,4,3,170,102_ハイドラント.png
103,ハイドラントカスタム,39,7,4,200,103_ハイドラントカスタム.png
104,クーゲルシュライバー,40,8,2,200,104_クーゲルシュライバー.png
105,クーゲルシュライバー・ヒュー,40,11,10,220,105_クーゲルシュライバー・ヒュー.png
106,ノーチラス47,41,9,11,180,106_ノーチラス47.png
107,ノーチラス79,41,1,2,180,107_ノーチラス79.png
108,スプラマニューバー,42,2,0,180,108_スプラマニューバー.png
109,スプラマニューバーコラボ,42,3,2,200,109_スプラマニューバーコラボ.png
110,スプラマニューバーベッチュー,42,1,11,200,110_スプラマニューバーベッチュー.png
111,スパッタリー,43,11,6,170,111_スパッタリー.png
112,スパッタリー・ヒュー,43,8,10,170,112_スパッタリー・ヒュー.png
113,スパッタリークリア,43,6,3,170,113_スパッタリークリア.png
114,デュアルスイーパー,44,9,0,190,114_デュアルスイーパー.png
115,デュアルスイーパーカスタム,44,0,10,220,115_デュアルスイーパーカスタム.png
116,ケルビン525,45,7,2,180,116_ケルビン525.png
117,ケルビン525デコ,45,10,11,180,117_ケルビン525デコ.png
118,ケルビン525ベッチュー,45,5,4,180,118_ケルビン525ベッチュー.png
119,クアッドホッパーブラック,46,4,3,190,119_クアッドホッパーブラック.png
120,クアッドホッパーホワイト,46,12,9,200,120_クアッドホッパーホワイト.png
121,パラシェルター,47,12,10,190,121_パラシェルター.png
122,パラシェルターソレーラ,47,4,5,200,122_パラシェルターソレーラ.png
123,キャンピングシェルター,48,11,12,200,123_キャンピングシェルター.png
124,キャンピングシェルターソレーラ,48,10,8,170,124_キャンピングシェルターソレーラ.png
125,キャンピングシェルターカーモ,48,7,14,210,125_キャンピングシェルターカーモ.png
126,スパイガジェット,49,7,3,150,126_スパイガジェット.png
127,スパイガジェットソレーラ,49,0,11,180,127_スパイガジェットソレーラ.png
128,スパイガジェットベッチュー,49,6,4,190,128_スパイガジェットベッチュー.png
